Trem_;Veículo_;Rodeiro Veículo_;Média Rolamento Esquerdo (°C)_delta;Média Rolamento Direito (°C)_delta;DP Rolamento Esquerdo (°C)_delta;DP Rolamento Direito (°C)_delta;Rolamento Esquerdo (°C)_delta;Rolamento Direito (°C)_delta;Média Roda Esquerda (°C)_delta;Média Roda Direita (°C)_delta;DP Roda Esquerda (°C)_delta;DP Roda Direita (°C)_delta;Roda Esquerda (°C)_delta;Roda Direita (°C)_delta
KEC7102;734879;1;1,120000000000001;1,4700000000000006;0,5100000000000002;0,3599999999999999;0;11;;;;;;
KEC7102;734879;2;1,120000000000001;1,4700000000000006;0,5100000000000002;0,3599999999999999;8;3;;;;;;
KEC7102;734879;3;1,120000000000001;1,4700000000000006;0,5100000000000002;0,3599999999999999;3;0;;;;;;
KEC7102;734879;4;1,120000000000001;1,4700000000000006;0,5100000000000002;0,3599999999999999;8;4;;;;;;
NAG1102;612934;1;20,869999999999997;21,889999999999997;3,57;2,6399999999999997;26;28;99,53;116,55000000000001;20,06;19,2;103,0;139,0
NAG1102;612934;2;20,869999999999997;21,889999999999997;3,57;2,6399999999999997;18;18;99,53;116,55000000000001;20,06;19,2;109,0;151,0
NAG1102;612934;3;20,869999999999997;21,889999999999997;3,57;2,6399999999999997;32;20;99,53;116,55000000000001;20,06;19,2;122,0;152,0
NAG1102;612934;4;20,869999999999997;21,889999999999997;3,57;2,6399999999999997;25;23;99,53;116,55000000000001;20,06;19,2;124,0;101,0
NAG1102;734879;1;20,869999999999997;21,889999999999997;3,57;2,6399999999999997;28;23;99,53;116,55000000000001;20,06;19,2;92,0;127,0
NAG1102;734879;2;20,869999999999997;21,889999999999997;3,57;2,6399999999999997;30;27;99,53;116,55000000000001;20,06;19,2;168,0;166,0
NAG1102;734879;3;20,869999999999997;21,889999999999997;3,57;2,6399999999999997;22;26;99,53;116,55000000000001;20,06;19,2;109,0;142,0
NAG1102;734879;4;20,869999999999997;21,889999999999997;3,57;2,6399999999999997;36;23;99,53;116,55000000000001;20,06;19,2;160,0;203,0
NAG1146;612934;1;25,62;20,590000000000003;3,9;2,59;19;25;110,53;125,98000000000002;31,529999999999998;31,349999999999998;162,0;158,0
NAG1146;612934;2;25,62;20,590000000000003;3,9;2,59;22;23;110,53;125,98000000000002;31,529999999999998;31,349999999999998;71,0;111,0
NAG1146;612934;3;25,62;20,590000000000003;3,9;2,59;34;26;110,53;125,98000000000002;31,529999999999998;31,349999999999998;196,0;163,0
NAG1146;612934;4;25,62;20,590000000000003;3,9;2,59;25;20;110,53;125,98000000000002;31,529999999999998;31,349999999999998;111,0;134,0
NAG1146;734879;1;25,62;20,590000000000003;3,9;2,59;35;28;110,53;125,98000000000002;31,529999999999998;31,349999999999998;92,0;131,0
NAG1146;734879;2;25,62;20,590000000000003;3,9;2,59;30;23;110,53;125,98000000000002;31,529999999999998;31,349999999999998;91,0;225,0
NAG1146;734879;3;25,62;20,590000000000003;3,9;2,59;26;26;110,53;125,98000000000002;31,529999999999998;31,349999999999998;116,0;144,0
NAG1146;734879;4;25,62;20,590000000000003;3,9;2,59;27;29;110,53;125,98000000000002;31,529999999999998;31,349999999999998;147,0;198,0
NEG6108;612934;1;21,549999999999997;20,11;3,49;2,3400000000000003;18;18;46,53999999999999;51,27000000000001;8,919999999999998;9,440000000000001;98,0;81,0
NEG6108;612934;2;21,549999999999997;20,11;3,49;2,3400000000000003;24;24;46,53999999999999;51,27000000000001;8,919999999999998;9,440000000000001;69,0;53,0
NEG6108;612934;3;21,549999999999997;20,11;3,49;2,3400000000000003;16;15;46,53999999999999;51,27000000000001;8,919999999999998;9,440000000000001;106,0;84,0
NEG6108;612934;4;21,549999999999997;20,11;3,49;2,3400000000000003;28;24;46,53999999999999;51,27000000000001;8,919999999999998;9,440000000000001;50,0;73,0
NEG6108;734879;1;21,549999999999997;20,11;3,49;2,3400000000000003;18;27;46,53999999999999;51,27000000000001;8,919999999999998;9,440000000000001;24,0;43,0
NEG6108;734879;2;21,549999999999997;20,11;3,49;2,3400000000000003;17;23;46,53999999999999;51,27000000000001;8,919999999999998;9,440000000000001;20,0;70,0
NEG6108;734879;3;21,549999999999997;20,11;3,49;2,3400000000000003;30;16;46,53999999999999;51,27000000000001;8,919999999999998;9,440000000000001;24,0;15,0
NEG6108;734879;4;21,549999999999997;20,11;3,49;2,3400000000000003;36;23;46,53999999999999;51,27000000000001;8,919999999999998;9,440000000000001;67,0;23,0
NEG6134;612934;1;24,53;23,57;4,24;3,17;23;22;0,0;0,0;0,0;0,0;0,0;0,0
NEG6134;612934;2;24,53;23,57;4,24;3,17;31;28;0,0;0,0;0,0;0,0;0,0;0,0
NEG6134;612934;3;24,53;23,57;4,24;3,17;19;17;0,0;0,0;0,0;0,0;0,0;0,0
NEG6134;612934;4;24,53;23,57;4,24;3,17;31;27;0,0;0,0;0,0;0,0;0,0;0,0
NEG6134;734879;1;24,53;23,57;4,24;3,17;21;26;0,0;0,0;0,0;0,0;0,0;0,0
NEG6134;734879;2;24,53;23,57;4,24;3,17;24;22;0,0;0,0;0,0;0,0;0,0;0,0
NEG6134;734879;3;24,53;23,57;4,24;3,17;31;19;0,0;0,0;0,0;0,0;0,0;0,0
NEG6134;734879;4;24,53;23,57;4,24;3,17;31;25;0,0;0,0;0,0;0,0;0,0;0,0
NEG6156;612934;1;17,31;17,509999999999998;3,5500000000000003;2,39;12;16;43,639999999999986;48,44;12,5;11,559999999999999;38,0;29,0
NEG6156;612934;2;17,31;17,509999999999998;3,5500000000000003;2,39;22;32;43,639999999999986;48,44;12,5;11,559999999999999;7,0;6,0
NEG6156;612934;3;17,31;17,509999999999998;3,5500000000000003;2,39;11;12;43,639999999999986;48,44;12,5;11,559999999999999;39,0;41,0
NEG6156;612934;4;17,31;17,509999999999998;3,5500000000000003;2,39;39;28;43,639999999999986;48,44;12,5;11,559999999999999;20,0;54,0
NEH0102;612934;1;16,43;16,52;3,2199999999999998;2,35;30;27;92,53000000000002;110,17999999999999;17,769999999999996;16,700000000000003;88,0;103,0
NEH0102;612934;2;16,43;16,52;3,2199999999999998;2,35;18;18;92,53000000000002;110,17999999999999;17,769999999999996;16,700000000000003;88,0;87,0
NEH0102;612934;3;16,43;16,52;3,2199999999999998;2,35;23;24;92,53000000000002;110,17999999999999;17,769999999999996;16,700000000000003;112,0;111,0
NEH0102;612934;4;16,43;16,52;3,2199999999999998;2,35;23;20;92,53000000000002;110,17999999999999;17,769999999999996;16,700000000000003;98,0;185,0
NEH0140;612934;1;20,23;20,7;2,9299999999999997;2,8599999999999994;26;27;98,56;113,01999999999998;20,999999999999996;23,099999999999998;88,0;109,0
NEH0140;612934;2;20,23;20,7;2,9299999999999997;2,8599999999999994;21;21;98,56;113,01999999999998;20,999999999999996;23,099999999999998;72,0;82,0
NEH0140;612934;3;20,23;20,7;2,9299999999999997;2,8599999999999994;23;22;98,56;113,01999999999998;20,999999999999996;23,099999999999998;95,0;111,0
NEH0140;612934;4;20,23;20,7;2,9299999999999997;2,8599999999999994;25;20;98,56;113,01999999999998;20,999999999999996;23,099999999999998;128,0;81,0
NEH0140;734879;1;20,23;20,7;2,9299999999999997;2,8599999999999994;21;26;98,56;113,01999999999998;20,999999999999996;23,099999999999998;41,0;47,0
NEH0140;734879;2;20,23;20,7;2,9299999999999997;2,8599999999999994;27;22;98,56;113,01999999999998;20,999999999999996;23,099999999999998;25,0;27,0
NEH0140;734879;3;20,23;20,7;2,9299999999999997;2,8599999999999994;26;21;98,56;113,01999999999998;20,999999999999996;23,099999999999998;30,0;63,0
NEH0140;734879;4;20,23;20,7;2,9299999999999997;2,8599999999999994;22;21;98,56;113,01999999999998;20,999999999999996;23,099999999999998;24,0;50,0
NEH0236;612934;1;23,05;16,4;4,01;2,83;19;19;50,01;61,25;13,01;9,87;48,0;47,0
NEH0236;612934;2;23,05;16,4;4,01;2,83;24;24;50,01;61,25;13,01;9,87;41,0;52,0
NEH0236;612934;3;23,05;16,4;4,01;2,83;18;14;50,01;61,25;13,01;9,87;43,0;52,0
NEH0236;612934;4;23,05;16,4;4,01;2,83;27;15;50,01;61,25;13,01;9,87;43,0;100,0
NEH0236;734879;1;23,05;16,4;4,01;2,83;21;20;50,01;61,25;13,01;9,87;82,0;78,0
NEH0236;734879;2;23,05;16,4;4,01;2,83;28;24;50,01;61,25;13,01;9,87;70,0;103,0
NEH0236;734879;3;23,05;16,4;4,01;2,83;26;22;50,01;61,25;13,01;9,87;35,0;39,0
NEH0236;734879;4;23,05;16,4;4,01;2,83;29;26;50,01;61,25;13,01;9,87;39,0;53,0
NEH0340;612934;1;22,15;16,82;3,08;1,9399999999999995;17;19;52,67999999999999;66,72;11,170000000000002;9,220000000000002;45,0;30,0
NEH0340;612934;2;22,15;16,82;3,08;1,9399999999999995;21;12;52,67999999999999;66,72;11,170000000000002;9,220000000000002;33,0;47,0
NEH0340;612934;3;22,15;16,82;3,08;1,9399999999999995;34;18;52,67999999999999;66,72;11,170000000000002;9,220000000000002;72,0;73,0
NEH0340;612934;4;22,15;16,82;3,08;1,9399999999999995;26;15;52,67999999999999;66,72;11,170000000000002;9,220000000000002;48,0;47,0
NEH0340;734879;1;22,15;16,82;3,08;1,9399999999999995;26;21;52,67999999999999;66,72;11,170000000000002;9,220000000000002;67,0;78,0
NEH0340;734879;2;22,15;16,82;3,08;1,9399999999999995;26;20;52,67999999999999;66,72;11,170000000000002;9,220000000000002;67,0;67,0
NEH0340;734879;3;22,15;16,82;3,08;1,9399999999999995;31;19;52,67999999999999;66,72;11,170000000000002;9,220000000000002;26,0;53,0
NEH0340;734879;4;22,15;16,82;3,08;1,9399999999999995;22;21;52,67999999999999;66,72;11,170000000000002;9,220000000000002;4,0;60,0
NEL0122;612934;1;27,5;22,990000000000002;3,58;2,27;35;24;69,26;87,46;16,729999999999997;16,740000000000002;116,0;71,0
NEL0122;612934;2;27,5;22,990000000000002;3,58;2,27;26;23;69,26;87,46;16,729999999999997;16,740000000000002;27,0;60,0
NEL0122;612934;3;27,5;22,990000000000002;3,58;2,27;29;22;69,26;87,46;16,729999999999997;16,740000000000002;20,0;73,0
NEL0122;612934;4;27,5;22,990000000000002;3,58;2,27;32;25;69,26;87,46;16,729999999999997;16,740000000000002;97,0;94,0
NEL0122;734879;1;27,5;22,990000000000002;3,58;2,27;22;22;69,26;87,46;16,729999999999997;16,740000000000002;98,0;98,0
NEL0122;734879;2;27,5;22,990000000000002;3,58;2,27;30;28;69,26;87,46;16,729999999999997;16,740000000000002;56,0;69,0
NEL0122;734879;3;27,5;22,990000000000002;3,58;2,27;30;24;69,26;87,46;16,729999999999997;16,740000000000002;67,0;111,0
NEL0122;734879;4;27,5;22,990000000000002;3,58;2,27;35;31;69,26;87,46;16,729999999999997;16,740000000000002;39,0;89,0
NEL0148;612934;1;25,38;17,240000000000002;3,97;2,4500000000000006;19;15;64,27000000000001;66,97999999999999;18,260000000000005;16,28;29,0;62,0
NEL0148;612934;2;25,38;17,240000000000002;3,97;2,4500000000000006;28;16;64,27000000000001;66,97999999999999;18,260000000000005;16,28;42,0;52,0
NEL0148;612934;3;25,38;17,240000000000002;3,97;2,4500000000000006;25;17;64,27000000000001;66,97999999999999;18,260000000000005;16,28;68,0;60,0
NEL0148;612934;4;25,38;17,240000000000002;3,97;2,4500000000000006;24;20;64,27000000000001;66,97999999999999;18,260000000000005;16,28;78,0;82,0
NEL0148;734879;1;25,38;17,240000000000002;3,97;2,4500000000000006;24;18;64,27000000000001;66,97999999999999;18,260000000000005;16,28;34,0;85,0
NEL0148;734879;2;25,38;17,240000000000002;3,97;2,4500000000000006;36;21;64,27000000000001;66,97999999999999;18,260000000000005;16,28;28,0;61,0
NEL0148;734879;3;25,38;17,240000000000002;3,97;2,4500000000000006;19;15;64,27000000000001;66,97999999999999;18,260000000000005;16,28;89,0;78,0
NEL0148;734879;4;25,38;17,240000000000002;3,97;2,4500000000000006;51;30;64,27000000000001;66,97999999999999;18,260000000000005;16,28;72,0;61,0
NEL0212;612934;1;24,51;16,43;4,5;3,1500000000000004;26;22;57,650000000000006;65,09;14,499999999999998;11,36;50,0;63,0
NEL0212;612934;2;24,51;16,43;4,5;3,1500000000000004;32;21;57,650000000000006;65,09;14,499999999999998;11,36;103,0;61,0
NEL0212;612934;3;24,51;16,43;4,5;3,1500000000000004;18;16;57,650000000000006;65,09;14,499999999999998;11,36;50,0;58,0
NEL0212;612934;4;24,51;16,43;4,5;3,1500000000000004;41;25;57,650000000000006;65,09;14,499999999999998;11,36;68,0;127,0
NEL0212;734879;1;24,51;16,43;4,5;3,1500000000000004;26;15;57,650000000000006;65,09;14,499999999999998;11,36;63,0;57,0
NEL0212;734879;2;24,51;16,43;4,5;3,1500000000000004;32;21;57,650000000000006;65,09;14,499999999999998;11,36;61,0;44,0
NEL0212;734879;3;24,51;16,43;4,5;3,1500000000000004;32;13;57,650000000000006;65,09;14,499999999999998;11,36;110,0;98,0
NEL0212;734879;4;24,51;16,43;4,5;3,1500000000000004;38;17;57,650000000000006;65,09;14,499999999999998;11,36;53,0;57,0
NEL0254;612934;1;18,259999999999998;16,06;2,57;2,82;19;23;118,13;134,31;24,18;22,310000000000002;192,0;144,0
NEL0254;612934;2;18,259999999999998;16,06;2,57;2,82;18;16;118,13;134,31;24,18;22,310000000000002;111,0;205,0
NEL0254;612934;3;18,259999999999998;16,06;2,57;2,82;23;15;118,13;134,31;24,18;22,310000000000002;174,0;162,0
NEL0254;612934;4;18,259999999999998;16,06;2,57;2,82;23;16;118,13;134,31;24,18;22,310000000000002;134,0;247,0
NEL0254;734879;1;18,259999999999998;16,06;2,57;2,82;23;15;118,13;134,31;24,18;22,310000000000002;33,0;69,0
NEL0254;734879;2;18,259999999999998;16,06;2,57;2,82;26;13;118,13;134,31;24,18;22,310000000000002;100,0;30,0
NEL0254;734879;3;18,259999999999998;16,06;2,57;2,82;26;15;118,13;134,31;24,18;22,310000000000002;12,0;53,0
NEL0254;734879;4;18,259999999999998;16,06;2,57;2,82;12;20;118,13;134,31;24,18;22,310000000000002;19,0;9,0
NEL0308;612934;1;17,26;17,700000000000003;1,7799999999999998;2,48;26;30;107,65;124,64;21,71;21,249999999999996;81,0;117,0
NEL0308;612934;2;17,26;17,700000000000003;1,7799999999999998;2,48;21;19;107,65;124,64;21,71;21,249999999999996;134,0;188,0
NEL0308;612934;3;17,26;17,700000000000003;1,7799999999999998;2,48;26;20;107,65;124,64;21,71;21,249999999999996;100,0;134,0
NEL0308;612934;4;17,26;17,700000000000003;1,7799999999999998;2,48;24;25;107,65;124,64;21,71;21,249999999999996;163,0;138,0
NEL0308;734879;1;17,26;17,700000000000003;1,7799999999999998;2,48;25;20;107,65;124,64;21,71;21,249999999999996;98,0;134,0
NEL0308;734879;2;17,26;17,700000000000003;1,7799999999999998;2,48;18;27;107,65;124,64;21,71;21,249999999999996;216,0;56,0
NEL0308;734879;3;17,26;17,700000000000003;1,7799999999999998;2,48;16;21;107,65;124,64;21,71;21,249999999999996;168,0;119,0
NEL0308;734879;4;17,26;17,700000000000003;1,7799999999999998;2,48;15;27;107,65;124,64;21,71;21,249999999999996;154,0;201,0
NEL0344;612934;1;22,020000000000003;22,990000000000002;3,92;4,37;29;27;115,0;123,38;22,11;21,099999999999998;62,0;134,0
NEL0344;612934;2;22,020000000000003;22,990000000000002;3,92;4,37;13;16;115,0;123,38;22,11;21,099999999999998;103,0;136,0
NEL0344;612934;3;22,020000000000003;22,990000000000002;3,92;4,37;23;27;115,0;123,38;22,11;21,099999999999998;138,0;99,0
NEL0344;612934;4;22,020000000000003;22,990000000000002;3,92;4,37;29;24;115,0;123,38;22,11;21,099999999999998;130,0;124,0
NEL0344;734879;1;22,020000000000003;22,990000000000002;3,92;4,37;29;25;115,0;123,38;22,11;21,099999999999998;95,0;99,0
NEL0344;734879;2;22,020000000000003;22,990000000000002;3,92;4,37;32;26;115,0;123,38;22,11;21,099999999999998;59,0;170,0
NEL0344;734879;3;22,020000000000003;22,990000000000002;3,92;4,37;23;21;115,0;123,38;22,11;21,099999999999998;74,0;69,0
NEL0344;734879;4;22,020000000000003;22,990000000000002;3,92;4,37;31;26;115,0;123,38;22,11;21,099999999999998;76,0;82,0
NEL3116;612934;1;25,66;24,55;3,6;2,78;26;29;61,33;69,87;13,589999999999998;8,309999999999999;58,0;71,0
NEL3116;612934;2;25,66;24,55;3,6;2,78;21;22;61,33;69,87;13,589999999999998;8,309999999999999;78,0;64,0
NEL3116;612934;3;25,66;24,55;3,6;2,78;27;26;61,33;69,87;13,589999999999998;8,309999999999999;54,0;80,0
NEL3116;612934;4;25,66;24,55;3,6;2,78;28;26;61,33;69,87;13,589999999999998;8,309999999999999;60,0;43,0
NEL3116;734879;1;25,66;24,55;3,6;2,78;27;20;61,33;69,87;13,589999999999998;8,309999999999999;78,0;101,0
NEL3116;734879;2;25,66;24,55;3,6;2,78;32;29;61,33;69,87;13,589999999999998;8,309999999999999;92,0;99,0
NEL3116;734879;3;25,66;24,55;3,6;2,78;32;27;61,33;69,87;13,589999999999998;8,309999999999999;74,0;104,0
NEL3116;734879;4;25,66;24,55;3,6;2,78;29;31;61,33;69,87;13,589999999999998;8,309999999999999;65,0;123,0
NEL3144;612934;1;21,159999999999997;18,43;4,14;3,05;17;17;103,93;113,44;20,68;19,490000000000002;76,0;110,0
NEL3144;612934;2;21,159999999999997;18,43;4,14;3,05;28;19;103,93;113,44;20,68;19,490000000000002;122,0;130,0
NEL3144;612934;3;21,159999999999997;18,43;4,14;3,05;28;18;103,93;113,44;20,68;19,490000000000002;103,0;107,0
NEL3144;612934;4;21,159999999999997;18,43;4,14;3,05;16;21;103,93;113,44;20,68;19,490000000000002;100,0;110,0
NEL3144;734879;1;21,159999999999997;18,43;4,14;3,05;23;21;103,93;113,44;20,68;19,490000000000002;88,0;123,0
NEL3144;734879;2;21,159999999999997;18,43;4,14;3,05;24;26;103,93;113,44;20,68;19,490000000000002;108,0;100,0
NEL3144;734879;3;21,159999999999997;18,43;4,14;3,05;18;16;103,93;113,44;20,68;19,490000000000002;113,0;101,0
NEL3144;734879;4;21,159999999999997;18,43;4,14;3,05;32;22;103,93;113,44;20,68;19,490000000000002;139,0;125,0
NFG0106;612934;1;24,130000000000003;19,54;3,49;3,27;30;31;105,29;118,01;29,310000000000002;27,049999999999997;67,0;89,0
NFG0106;612934;2;24,130000000000003;19,54;3,49;3,27;19;18;105,29;118,01;29,310000000000002;27,049999999999997;52,0;75,0
NFG0106;612934;3;24,130000000000003;19,54;3,49;3,27;30;27;105,29;118,01;29,310000000000002;27,049999999999997;80,0;99,0
NFG0106;612934;4;24,130000000000003;19,54;3,49;3,27;29;31;105,29;118,01;29,310000000000002;27,049999999999997;75,0;120,0
NFG0106;734879;1;24,130000000000003;19,54;3,49;3,27;30;21;105,29;118,01;29,310000000000002;27,049999999999997;39,0;60,0
NFG0106;734879;2;24,130000000000003;19,54;3,49;3,27;28;25;105,29;118,01;29,310000000000002;27,049999999999997;114,0;85,0
NFG0106;734879;3;24,130000000000003;19,54;3,49;3,27;25;19;105,29;118,01;29,310000000000002;27,049999999999997;39,0;75,0
NFG0106;734879;4;24,130000000000003;19,54;3,49;3,27;25;27;105,29;118,01;29,310000000000002;27,049999999999997;88,0;61,0
NFG0156;612934;1;24,12;21,0;3,0199999999999996;2,5500000000000003;33;25;59,30000000000001;66,37999999999998;16,050000000000004;16,9;90,0;68,0
NFG0156;612934;2;24,12;21,0;3,0199999999999996;2,5500000000000003;24;25;59,30000000000001;66,37999999999998;16,050000000000004;16,9;3,0;59,0
NFG0156;612934;3;24,12;21,0;3,0199999999999996;2,5500000000000003;31;22;59,30000000000001;66,37999999999998;16,050000000000004;16,9;109,0;91,0
NFG0156;612934;4;24,12;21,0;3,0199999999999996;2,5500000000000003;32;25;59,30000000000001;66,37999999999998;16,050000000000004;16,9;86,0;23,0
NFG0156;734879;1;24,12;21,0;3,0199999999999996;2,5500000000000003;22;21;59,30000000000001;66,37999999999998;16,050000000000004;16,9;43,0;44,0
NFG0156;734879;2;24,12;21,0;3,0199999999999996;2,5500000000000003;39;35;59,30000000000001;66,37999999999998;16,050000000000004;16,9;41,0;80,0
NFG0156;734879;3;24,12;21,0;3,0199999999999996;2,5500000000000003;32;27;59,30000000000001;66,37999999999998;16,050000000000004;16,9;70,0;60,0
NFG0156;734879;4;24,12;21,0;3,0199999999999996;2,5500000000000003;31;37;59,30000000000001;66,37999999999998;16,050000000000004;16,9;42,0;9,0
NFG0314;612934;1;15,27;14,01;3,8499999999999996;2,9699999999999998;18;32;94,59;108,26;19,6;18,01;88,0;114,0
NFG0314;612934;2;15,27;14,01;3,8499999999999996;2,9699999999999998;20;17;94,59;108,26;19,6;18,01;104,0;100,0
NFG0314;612934;3;15,27;14,01;3,8499999999999996;2,9699999999999998;22;24;94,59;108,26;19,6;18,01;129,0;136,0
NFG0314;612934;4;15,27;14,01;3,8499999999999996;2,9699999999999998;19;25;94,59;108,26;19,6;18,01;103,0;148,0
NFG0314;734879;1;15,27;14,01;3,8499999999999996;2,9699999999999998;29;19;94,59;108,26;19,6;18,01;130,0;124,0
NFG0314;734879;2;15,27;14,01;3,8499999999999996;2,9699999999999998;25;21;94,59;108,26;19,6;18,01;20,0;170,0
NFG0314;734879;3;15,27;14,01;3,8499999999999996;2,9699999999999998;22;15;94,59;108,26;19,6;18,01;139,0;80,0
NFG0314;734879;4;15,27;14,01;3,8499999999999996;2,9699999999999998;23;25;94,59;108,26;19,6;18,01;105,0;152,0
NFG0320;612934;1;16,91;14,629999999999999;3,67;2,56;31;22;60,480000000000004;72,83;14,59;13,38;75,0;101,0
NFG0320;612934;2;16,91;14,629999999999999;3,67;2,56;17;22;60,480000000000004;72,83;14,59;13,38;88,0;85,0
NFG0320;612934;3;16,91;14,629999999999999;3,67;2,56;19;20;60,480000000000004;72,83;14,59;13,38;39,0;75,0
NFG0320;612934;4;16,91;14,629999999999999;3,67;2,56;20;17;60,480000000000004;72,83;14,59;13,38;60,0;82,0
NFG0320;734879;1;16,91;14,629999999999999;3,67;2,56;36;14;60,480000000000004;72,83;14,59;13,38;81,0;92,0
NFG0320;734879;2;16,91;14,629999999999999;3,67;2,56;24;22;60,480000000000004;72,83;14,59;13,38;39,0;107,0
NFG0320;734879;3;16,91;14,629999999999999;3,67;2,56;24;14;60,480000000000004;72,83;14,59;13,38;97,0;82,0
NFG0320;734879;4;16,91;14,629999999999999;3,67;2,56;20;18;60,480000000000004;72,83;14,59;13,38;19,0;39,0
NFG0526;612934;1;15,749999999999998;15,43;3,3800000000000003;2,86;20;24;117,48;131,79000000000002;33,0;31,720000000000002;70,0;94,0
NFG0526;612934;2;15,749999999999998;15,43;3,3800000000000003;2,86;20;20;117,48;131,79000000000002;33,0;31,720000000000002;81,0;73,0
NFG0526;612934;3;15,749999999999998;15,43;3,3800000000000003;2,86;20;21;117,48;131,79000000000002;33,0;31,720000000000002;111,0;118,0
NFG0526;612934;4;15,749999999999998;15,43;3,3800000000000003;2,86;25;31;117,48;131,79000000000002;33,0;31,720000000000002;78,0;177,0
NFG0526;734879;1;15,749999999999998;15,43;3,3800000000000003;2,86;21;14;117,48;131,79000000000002;33,0;31,720000000000002;43,0;62,0
NFG0526;734879;2;15,749999999999998;15,43;3,3800000000000003;2,86;24;29;117,48;131,79000000000002;33,0;31,720000000000002;81,0;67,0
NFG0526;734879;3;15,749999999999998;15,43;3,3800000000000003;2,86;22;20;117,48;131,79000000000002;33,0;31,720000000000002;67,0;51,0
NFG0526;734879;4;15,749999999999998;15,43;3,3800000000000003;2,86;21;23;117,48;131,79000000000002;33,0;31,720000000000002;47,0;80,0
NFG1128;612934;1;24,89;23,89;2,9899999999999998;1,7800000000000002;29;22;71,88;78,77;14,65;12,619999999999997;54,0;62,0
NFG1128;612934;2;24,89;23,89;2,9899999999999998;1,7800000000000002;21;25;71,88;78,77;14,65;12,619999999999997;53,0;55,0
NFG1128;612934;3;24,89;23,89;2,9899999999999998;1,7800000000000002;29;24;71,88;78,77;14,65;12,619999999999997;82,0;52,0
NFG1128;612934;4;24,89;23,89;2,9899999999999998;1,7800000000000002;31;23;71,88;78,77;14,65;12,619999999999997;34,0;99,0
NFG1128;734879;1;24,89;23,89;2,9899999999999998;1,7800000000000002;26;21;71,88;78,77;14,65;12,619999999999997;54,0;78,0
NFG1128;734879;2;24,89;23,89;2,9899999999999998;1,7800000000000002;27;24;71,88;78,77;14,65;12,619999999999997;155,0;0,0
NFG1128;734879;3;24,89;23,89;2,9899999999999998;1,7800000000000002;22;29;71,88;78,77;14,65;12,619999999999997;97,0;77,0
NFG1128;734879;4;24,89;23,89;2,9899999999999998;1,7800000000000002;27;29;71,88;78,77;14,65;12,619999999999997;52,0;101,0
NFL0132;612934;1;14,459999999999999;12,26;4,3100000000000005;3,3900000000000006;11;11;89,99000000000001;100,56;21,089999999999996;15,789999999999996;80,0;108,0
NFL0132;612934;2;14,459999999999999;12,26;4,3100000000000005;3,3900000000000006;17;22;89,99000000000001;100,56;21,089999999999996;15,789999999999996;88,0;113,0
NFL0132;612934;3;14,459999999999999;12,26;4,3100000000000005;3,3900000000000006;19;9;89,99000000000001;100,56;21,089999999999996;15,789999999999996;64,0;89,0
NFL0132;612934;4;14,459999999999999;12,26;4,3100000000000005;3,3900000000000006;28;20;89,99000000000001;100,56;21,089999999999996;15,789999999999996;70,0;57,0
NFL0132;734879;1;14,459999999999999;12,26;4,3100000000000005;3,3900000000000006;19;12;89,99000000000001;100,56;21,089999999999996;15,789999999999996;28,0;26,0
NFL0132;734879;2;14,459999999999999;12,26;4,3100000000000005;3,3900000000000006;19;20;89,99000000000001;100,56;21,089999999999996;15,789999999999996;44,0;87,0
NFL0132;734879;3;14,459999999999999;12,26;4,3100000000000005;3,3900000000000006;24;14;89,99000000000001;100,56;21,089999999999996;15,789999999999996;51,0;31,0
NFL0132;734879;4;14,459999999999999;12,26;4,3100000000000005;3,3900000000000006;35;26;89,99000000000001;100,56;21,089999999999996;15,789999999999996;45,0;64,0
NFL0138;612934;1;20,27;18,59;3,4599999999999995;2,4099999999999997;22;21;110,94999999999999;130,67000000000002;36,379999999999995;37,99;91,0;105,0
NFL0138;612934;2;20,27;18,59;3,4599999999999995;2,4099999999999997;20;18;110,94999999999999;130,67000000000002;36,379999999999995;37,99;36,0;86,0
NFL0138;612934;3;20,27;18,59;3,4599999999999995;2,4099999999999997;23;18;110,94999999999999;130,67000000000002;36,379999999999995;37,99;107,0;111,0
NFL0138;612934;4;20,27;18,59;3,4599999999999995;2,4099999999999997;24;22;110,94999999999999;130,67000000000002;36,379999999999995;37,99;96,0;130,0
NFL0138;734879;1;20,27;18,59;3,4599999999999995;2,4099999999999997;30;18;110,94999999999999;130,67000000000002;36,379999999999995;37,99;16,0;7,0
NFL0138;734879;2;20,27;18,59;3,4599999999999995;2,4099999999999997;24;18;110,94999999999999;130,67000000000002;36,379999999999995;37,99;32,0;44,0
NFL0138;734879;3;20,27;18,59;3,4599999999999995;2,4099999999999997;17;18;110,94999999999999;130,67000000000002;36,379999999999995;37,99;51,0;43,0
NFL0138;734879;4;20,27;18,59;3,4599999999999995;2,4099999999999997;23;19;110,94999999999999;130,67000000000002;36,379999999999995;37,99;56,0;79,0
NFS1162;612934;1;21,580000000000002;16,55;3,36;2,8000000000000003;28;23;0,0;0,0;0,0;0,0;0,0;0,0
NFS1162;612934;2;21,580000000000002;16,55;3,36;2,8000000000000003;21;19;0,0;0,0;0,0;0,0;0,0;0,0
NFS1162;612934;3;21,580000000000002;16,55;3,36;2,8000000000000003;31;28;0,0;0,0;0,0;0,0;0,0;0,0
NFS1162;612934;4;21,580000000000002;16,55;3,36;2,8000000000000003;24;23;0,0;0,0;0,0;0,0;0,0;0,0
NFS1162;734879;1;21,580000000000002;16,55;3,36;2,8000000000000003;29;24;0,0;0,0;0,0;0,0;0,0;0,0
NFS1162;734879;2;21,580000000000002;16,55;3,36;2,8000000000000003;34;28;0,0;0,0;0,0;0,0;0,0;0,0
NFS1162;734879;3;21,580000000000002;16,55;3,36;2,8000000000000003;30;14;0,0;0,0;0,0;0,0;0,0;0,0
NFS1162;734879;4;21,580000000000002;16,55;3,36;2,8000000000000003;25;32;0,0;0,0;0,0;0,0;0,0;0,0
NGF0137;612934;1;5,620000000000001;6,41;1,7400000000000002;2,3600000000000003;6;7;2,67;2,9699999999999998;1,27;3,0200000000000005;0,0;8,0
NGF0137;612934;2;5,620000000000001;6,41;1,7400000000000002;2,3600000000000003;11;16;2,67;2,9699999999999998;1,27;3,0200000000000005;8,0;8,0
NGF0137;612934;3;5,620000000000001;6,41;1,7400000000000002;2,3600000000000003;8;7;2,67;2,9699999999999998;1,27;3,0200000000000005;0,0;0,0
NGF0137;612934;4;5,620000000000001;6,41;1,7400000000000002;2,3600000000000003;27;20;2,67;2,9699999999999998;1,27;3,0200000000000005;0,0;0,0
NGF0137;734879;1;5,620000000000001;6,41;1,7400000000000002;2,3600000000000003;11;15;2,67;2,9699999999999998;1,27;3,0200000000000005;17,0;8,0
NGF0137;734879;2;5,620000000000001;6,41;1,7400000000000002;2,3600000000000003;5;8;2,67;2,9699999999999998;1,27;3,0200000000000005;0,0;8,0
NGF0137;734879;3;5,620000000000001;6,41;1,7400000000000002;2,3600000000000003;12;8;2,67;2,9699999999999998;1,27;3,0200000000000005;8,0;17,0
NGF0137;734879;4;5,620000000000001;6,41;1,7400000000000002;2,3600000000000003;22;13;2,67;2,9699999999999998;1,27;3,0200000000000005;0,0;0,0
NGF0331;612934;1;8,35;7,699999999999999;1,9099999999999997;2,6200000000000006;12;13;3,46;8,84;0,16000000000000014;2,93;0,0;8,0
NGF0331;612934;2;8,35;7,699999999999999;1,9099999999999997;2,6200000000000006;6;11;3,46;8,84;0,16000000000000014;2,93;8,0;8,0
NGF0331;612934;3;8,35;7,699999999999999;1,9099999999999997;2,6200000000000006;8;10;3,46;8,84;0,16000000000000014;2,93;0,0;8,0
NGF0331;612934;4;8,35;7,699999999999999;1,9099999999999997;2,6200000000000006;10;9;3,46;8,84;0,16000000000000014;2,93;8,0;0,0
NGF0331;734879;1;8,35;7,699999999999999;1,9099999999999997;2,6200000000000006;2;7;3,46;8,84;0,16000000000000014;2,93;8,0;8,0
NGF0331;734879;2;8,35;7,699999999999999;1,9099999999999997;2,6200000000000006;10;11;3,46;8,84;0,16000000000000014;2,93;9,0;8,0
NGF0331;734879;3;8,35;7,699999999999999;1,9099999999999997;2,6200000000000006;12;10;3,46;8,84;0,16000000000000014;2,93;9,0;8,0
NGF0331;734879;4;8,35;7,699999999999999;1,9099999999999997;2,6200000000000006;11;11;3,46;8,84;0,16000000000000014;2,93;8,0;17,0
NGF0357;612934;1;5,6800000000000015;9,420000000000002;1,6400000000000006;1,88;24;13;7,15;10,479999999999999;1,3900000000000001;2,6499999999999995;8,0;8,0
NGF0357;612934;2;5,6800000000000015;9,420000000000002;1,6400000000000006;1,88;8;9;7,15;10,479999999999999;1,3900000000000001;2,6499999999999995;0,0;8,0
NGF0357;612934;3;5,6800000000000015;9,420000000000002;1,6400000000000006;1,88;4;16;7,15;10,479999999999999;1,3900000000000001;2,6499999999999995;9,0;17,0
NGF0357;612934;4;5,6800000000000015;9,420000000000002;1,6400000000000006;1,88;9;11;7,15;10,479999999999999;1,3900000000000001;2,6499999999999995;8,0;8,0
NGF0357;734879;1;5,6800000000000015;9,420000000000002;1,6400000000000006;1,88;4;10;7,15;10,479999999999999;1,3900000000000001;2,6499999999999995;8,0;17,0
NGF0357;734879;2;5,6800000000000015;9,420000000000002;1,6400000000000006;1,88;8;12;7,15;10,479999999999999;1,3900000000000001;2,6499999999999995;9,0;21,0
NGF0357;734879;3;5,6800000000000015;9,420000000000002;1,6400000000000006;1,88;10;13;7,15;10,479999999999999;1,3900000000000001;2,6499999999999995;9,0;9,0
NGF0357;734879;4;5,6800000000000015;9,420000000000002;1,6400000000000006;1,88;7;20;7,15;10,479999999999999;1,3900000000000001;2,6499999999999995;21,0;9,0
NGF0449;612934;1;3,1999999999999993;2,7699999999999996;1,7200000000000006;2,0500000000000007;4;3;0,0;0,0;0,0;0,0;0,0;0,0
NGF0449;612934;2;3,1999999999999993;2,7699999999999996;1,7200000000000006;2,0500000000000007;3;3;0,0;0,0;0,0;0,0;0,0;0,0
NGF0449;612934;3;3,1999999999999993;2,7699999999999996;1,7200000000000006;2,0500000000000007;7;9;0,0;0,0;0,0;0,0;0,0;0,0
NGF0449;612934;4;3,1999999999999993;2,7699999999999996;1,7200000000000006;2,0500000000000007;3;6;0,0;0,0;0,0;0,0;0,0;0,0
NGF0449;734879;1;3,1999999999999993;2,7699999999999996;1,7200000000000006;2,0500000000000007;7;14;0,0;0,0;0,0;0,0;0,0;0,0
NGF0449;734879;2;3,1999999999999993;2,7699999999999996;1,7200000000000006;2,0500000000000007;4;8;0,0;0,0;0,0;0,0;0,0;0,0
NGF0449;734879;3;3,1999999999999993;2,7699999999999996;1,7200000000000006;2,0500000000000007;7;6;0,0;0,0;0,0;0,0;0,0;0,0
NGF0449;734879;4;3,1999999999999993;2,7699999999999996;1,7200000000000006;2,0500000000000007;4;5;0,0;0,0;0,0;0,0;0,0;0,0
NGF0529;612934;1;5,030000000000001;5,369999999999999;1,2300000000000004;1,1600000000000001;9;10;5,220000000000001;7,18;0,22000000000000064;3,2600000000000002;8,0;8,0
NGF0529;612934;2;5,030000000000001;5,369999999999999;1,2300000000000004;1,1600000000000001;8;15;5,220000000000001;7,18;0,22000000000000064;3,2600000000000002;8,0;8,0
NGF0529;612934;3;5,030000000000001;5,369999999999999;1,2300000000000004;1,1600000000000001;9;10;5,220000000000001;7,18;0,22000000000000064;3,2600000000000002;0,0;8,0
NGF0529;612934;4;5,030000000000001;5,369999999999999;1,2300000000000004;1,1600000000000001;7;7;5,220000000000001;7,18;0,22000000000000064;3,2600000000000002;8,0;0,0
NGF0529;734879;1;5,030000000000001;5,369999999999999;1,2300000000000004;1,1600000000000001;9;14;5,220000000000001;7,18;0,22000000000000064;3,2600000000000002;8,0;8,0
NGF0529;734879;2;5,030000000000001;5,369999999999999;1,2300000000000004;1,1600000000000001;17;9;5,220000000000001;7,18;0,22000000000000064;3,2600000000000002;9,0;8,0
NGF0529;734879;3;5,030000000000001;5,369999999999999;1,2300000000000004;1,1600000000000001;9;20;5,220000000000001;7,18;0,22000000000000064;3,2600000000000002;9,0;17,0
NGF0529;734879;4;5,030000000000001;5,369999999999999;1,2300000000000004;1,1600000000000001;9;17;5,220000000000001;7,18;0,22000000000000064;3,2600000000000002;9,0;8,0
NGF0757;612934;1;2,58;4,220000000000001;2,3799999999999994;1,8600000000000003;7;5;3,76;3,59;0,5599999999999996;2,91;8,0;8,0
NGF0757;612934;2;2,58;4,220000000000001;2,3799999999999994;1,8600000000000003;6;12;3,76;3,59;0,5599999999999996;2,91;0,0;8,0
NGF0757;612934;3;2,58;4,220000000000001;2,3799999999999994;1,8600000000000003;7;10;3,76;3,59;0,5599999999999996;2,91;0,0;8,0
NGF0757;612934;4;2,58;4,220000000000001;2,3799999999999994;1,8600000000000003;33;17;3,76;3,59;0,5599999999999996;2,91;8,0;0,0
NGF0921;612934;1;3,74;3,4499999999999993;1,0300000000000002;0,8799999999999999;10;6;0,0;0,0;0,0;0,0;0,0;0,0
NGF0921;612934;2;3,74;3,4499999999999993;1,0300000000000002;0,8799999999999999;6;8;0,0;0,0;0,0;0,0;0,0;0,0
NGF0921;612934;3;3,74;3,4499999999999993;1,0300000000000002;0,8799999999999999;5;5;0,0;0,0;0,0;0,0;0,0;0,0
NGF0921;612934;4;3,74;3,4499999999999993;1,0300000000000002;0,8799999999999999;6;6;0,0;0,0;0,0;0,0;0,0;0,0
NGF0921;734879;1;3,74;3,4499999999999993;1,0300000000000002;0,8799999999999999;6;5;0,0;0,0;0,0;0,0;0,0;0,0
NGF0921;734879;2;3,74;3,4499999999999993;1,0300000000000002;0,8799999999999999;6;12;0,0;0,0;0,0;0,0;0,0;0,0
NGF0921;734879;3;3,74;3,4499999999999993;1,0300000000000002;0,8799999999999999;6;6;0,0;0,0;0,0;0,0;0,0;0,0
NGF0921;734879;4;3,74;3,4499999999999993;1,0300000000000002;0,8799999999999999;7;8;0,0;0,0;0,0;0,0;0,0;0,0
NGF1003;612934;1;7,369999999999999;8,860000000000001;2,2899999999999996;1,8099999999999996;11;23;3,83;2,65;0,23000000000000043;2,84;0,0;0,0
NGF1003;612934;2;7,369999999999999;8,860000000000001;2,2899999999999996;1,8099999999999996;14;9;3,83;2,65;0,23000000000000043;2,84;8,0;0,0
NGF1003;612934;3;7,369999999999999;8,860000000000001;2,2899999999999996;1,8099999999999996;9;10;3,83;2,65;0,23000000000000043;2,84;0,0;0,0
NGF1003;612934;4;7,369999999999999;8,860000000000001;2,2899999999999996;1,8099999999999996;13;14;3,83;2,65;0,23000000000000043;2,84;8,0;0,0
NGF1003;734879;1;7,369999999999999;8,860000000000001;2,2899999999999996;1,8099999999999996;9;17;3,83;2,65;0,23000000000000043;2,84;8,0;0,0
NGF1003;734879;2;7,369999999999999;8,860000000000001;2,2899999999999996;1,8099999999999996;13;13;3,83;2,65;0,23000000000000043;2,84;0,0;8,0
NGF1003;734879;3;7,369999999999999;8,860000000000001;2,2899999999999996;1,8099999999999996;13;13;3,83;2,65;0,23000000000000043;2,84;9,0;8,0
NGF1003;734879;4;7,369999999999999;8,860000000000001;2,2899999999999996;1,8099999999999996;25;22;3,83;2,65;0,23000000000000043;2,84;8,0;0,0
NHE0203;612934;1;6,120000000000001;7,85;1,7399999999999998;1,4200000000000008;16;8;1,5399999999999996;3,31;0,5999999999999996;2,82;0,0;8,0
NHE0203;612934;2;6,120000000000001;7,85;1,7399999999999998;1,4200000000000008;5;3;1,5399999999999996;3,31;0,5999999999999996;2,82;8,0;8,0
NHE0203;612934;3;6,120000000000001;7,85;1,7399999999999998;1,4200000000000008;8;13;1,5399999999999996;3,31;0,5999999999999996;2,82;9,0;17,0
NHE0203;612934;4;6,120000000000001;7,85;1,7399999999999998;1,4200000000000008;6;9;1,5399999999999996;3,31;0,5999999999999996;2,82;0,0;0,0
NHE0241;612934;1;8,010000000000002;10,89;1,3600000000000003;1,8999999999999995;12;19;8,200000000000001;9,68;2,4499999999999997;3,54;8,0;8,0
NHE0241;612934;2;8,010000000000002;10,89;1,3600000000000003;1,8999999999999995;11;8;8,200000000000001;9,68;2,4499999999999997;3,54;0,0;8,0
NHE0241;612934;3;8,010000000000002;10,89;1,3600000000000003;1,8999999999999995;10;7;8,200000000000001;9,68;2,4499999999999997;3,54;17,0;8,0
NHE0241;612934;4;8,010000000000002;10,89;1,3600000000000003;1,8999999999999995;15;17;8,200000000000001;9,68;2,4499999999999997;3,54;8,0;8,0
NHE0241;734879;1;8,010000000000002;10,89;1,3600000000000003;1,8999999999999995;16;21;8,200000000000001;9,68;2,4499999999999997;3,54;8,0;17,0
NHE0241;734879;2;8,010000000000002;10,89;1,3600000000000003;1,8999999999999995;11;17;8,200000000000001;9,68;2,4499999999999997;3,54;9,0;8,0
NHE0241;734879;3;8,010000000000002;10,89;1,3600000000000003;1,8999999999999995;5;9;8,200000000000001;9,68;2,4499999999999997;3,54;17,0;13,0
NHE0241;734879;4;8,010000000000002;10,89;1,3600000000000003;1,8999999999999995;18;18;8,200000000000001;9,68;2,4499999999999997;3,54;13,0;17,0
NHE0337;612934;1;6,67;6,26;2,6799999999999997;2,4499999999999997;6;6;6,35;6,52;0,17000000000000037;2,8500000000000005;8,0;8,0
NHE0337;612934;2;6,67;6,26;2,6799999999999997;2,4499999999999997;6;13;6,35;6,52;0,17000000000000037;2,8500000000000005;8,0;8,0
NHE0337;612934;3;6,67;6,26;2,6799999999999997;2,4499999999999997;10;6;6,35;6,52;0,17000000000000037;2,8500000000000005;0,0;8,0
NHE0337;612934;4;6,67;6,26;2,6799999999999997;2,4499999999999997;5;9;6,35;6,52;0,17000000000000037;2,8500000000000005;8,0;0,0
NHE0337;734879;1;6,67;6,26;2,6799999999999997;2,4499999999999997;6;5;6,35;6,52;0,17000000000000037;2,8500000000000005;8,0;8,0
NHE0337;734879;2;6,67;6,26;2,6799999999999997;2,4499999999999997;18;7;6,35;6,52;0,17000000000000037;2,8500000000000005;8,0;8,0
NHE0337;734879;3;6,67;6,26;2,6799999999999997;2,4499999999999997;6;10;6,35;6,52;0,17000000000000037;2,8500000000000005;8,0;8,0
NHE0337;734879;4;6,67;6,26;2,6799999999999997;2,4499999999999997;23;8;6,35;6,52;0,17000000000000037;2,8500000000000005;0,0;0,0
NHE0441;612934;1;7,25;6,92;3,05;2,62;13;4;6,77;1,33;0,07000000000000028;1,91;8,0;0,0
NHE0441;612934;2;7,25;6,92;3,05;2,62;10;7;6,77;1,33;0,07000000000000028;1,91;8,0;0,0
NHE0441;612934;3;7,25;6,92;3,05;2,62;12;14;6,77;1,33;0,07000000000000028;1,91;8,0;0,0
NHE0441;612934;4;7,25;6,92;3,05;2,62;9;10;6,77;1,33;0,07000000000000028;1,91;8,0;0,0
NHE0441;734879;1;7,25;6,92;3,05;2,62;16;22;6,77;1,33;0,07000000000000028;1,91;8,0;0,0
NHE0441;734879;2;7,25;6,92;3,05;2,62;13;8;6,77;1,33;0,07000000000000028;1,91;8,0;0,0
NHE0441;734879;3;7,25;6,92;3,05;2,62;7;13;6,77;1,33;0,07000000000000028;1,91;8,0;0,0
NHE0441;734879;4;7,25;6,92;3,05;2,62;7;20;6,77;1,33;0,07000000000000028;1,91;8,0;0,0
NLE0111;612934;1;6,339999999999998;5,220000000000001;1,8700000000000006;2,1099999999999994;7;8;2,2399999999999998;6,24;1,1400000000000006;1,9700000000000002;0,0;8,0
NLE0111;612934;2;6,339999999999998;5,220000000000001;1,8700000000000006;2,1099999999999994;11;11;2,2399999999999998;6,24;1,1400000000000006;1,9700000000000002;0,0;0,0
NLE0111;612934;3;6,339999999999998;5,220000000000001;1,8700000000000006;2,1099999999999994;11;7;2,2399999999999998;6,24;1,1400000000000006;1,9700000000000002;0,0;8,0
NLE0111;612934;4;6,339999999999998;5,220000000000001;1,8700000000000006;2,1099999999999994;12;9;2,2399999999999998;6,24;1,1400000000000006;1,9700000000000002;8,0;0,0
NLE0111;734879;1;6,339999999999998;5,220000000000001;1,8700000000000006;2,1099999999999994;9;6;2,2399999999999998;6,24;1,1400000000000006;1,9700000000000002;8,0;8,0
NLE0111;734879;2;6,339999999999998;5,220000000000001;1,8700000000000006;2,1099999999999994;22;12;2,2399999999999998;6,24;1,1400000000000006;1,9700000000000002;0,0;17,0
NLE0111;734879;3;6,339999999999998;5,220000000000001;1,8700000000000006;2,1099999999999994;12;6;2,2399999999999998;6,24;1,1400000000000006;1,9700000000000002;9,0;17,0
NLE0111;734879;4;6,339999999999998;5,220000000000001;1,8700000000000006;2,1099999999999994;8;11;2,2399999999999998;6,24;1,1400000000000006;1,9700000000000002;0,0;8,0
NLE0135;612934;1;4,640000000000001;6,79;2,9299999999999997;1,6799999999999997;7;9;3,49;4,75;1,4900000000000002;3,2499999999999996;0,0;8,0
NLE0135;612934;2;4,640000000000001;6,79;2,9299999999999997;1,6799999999999997;14;7;3,49;4,75;1,4900000000000002;3,2499999999999996;0,0;8,0
NLE0135;612934;3;4,640000000000001;6,79;2,9299999999999997;1,6799999999999997;11;8;3,49;4,75;1,4900000000000002;3,2499999999999996;8,0;8,0
NLE0135;612934;4;4,640000000000001;6,79;2,9299999999999997;1,6799999999999997;20;9;3,49;4,75;1,4900000000000002;3,2499999999999996;0,0;0,0
NLE0135;734879;1;4,640000000000001;6,79;2,9299999999999997;1,6799999999999997;10;7;3,49;4,75;1,4900000000000002;3,2499999999999996;8,0;8,0
NLE0135;734879;2;4,640000000000001;6,79;2,9299999999999997;1,6799999999999997;10;14;3,49;4,75;1,4900000000000002;3,2499999999999996;8,0;21,0
NLE0135;734879;3;4,640000000000001;6,79;2,9299999999999997;1,6799999999999997;4;5;3,49;4,75;1,4900000000000002;3,2499999999999996;8,0;8,0
NLE0135;734879;4;4,640000000000001;6,79;2,9299999999999997;1,6799999999999997;9;3;3,49;4,75;1,4900000000000002;3,2499999999999996;0,0;0,0
NLE0151;612934;1;9,16;7,28;1,3699999999999997;0,9199999999999999;10;14;6,16;8,84;1,3899999999999997;1,17;8,0;8,0
NLE0151;612934;2;9,16;7,28;1,3699999999999997;0,9199999999999999;6;6;6,16;8,84;1,3899999999999997;1,17;8,0;8,0
NLE0151;612934;3;9,16;7,28;1,3699999999999997;0,9199999999999999;5;10;6,16;8,84;1,3899999999999997;1,17;9,0;8,0
NLE0151;612934;4;9,16;7,28;1,3699999999999997;0,9199999999999999;14;7;6,16;8,84;1,3899999999999997;1,17;8,0;8,0
NLE0151;734879;1;9,16;7,28;1,3699999999999997;0,9199999999999999;10;6;6,16;8,84;1,3899999999999997;1,17;8,0;8,0
NLE0151;734879;2;9,16;7,28;1,3699999999999997;0,9199999999999999;7;10;6,16;8,84;1,3899999999999997;1,17;0,0;8,0
NLE0151;734879;3;9,16;7,28;1,3699999999999997;0,9199999999999999;13;12;6,16;8,84;1,3899999999999997;1,17;9,0;17,0
NLE0151;734879;4;9,16;7,28;1,3699999999999997;0,9199999999999999;8;9;6,16;8,84;1,3899999999999997;1,17;9,0;8,0
NLE0223;612934;1;10,66;12,69;1,4299999999999997;2,0000000000000004;14;10;9,67;9,569999999999999;1,0800000000000005;0,8800000000000003;8,0;8,0
NLE0223;612934;2;10,66;12,69;1,4299999999999997;2,0000000000000004;11;13;9,67;9,569999999999999;1,0800000000000005;0,8800000000000003;8,0;8,0
NLE0223;612934;3;10,66;12,69;1,4299999999999997;2,0000000000000004;6;16;9,67;9,569999999999999;1,0800000000000005;0,8800000000000003;17,0;17,0
NLE0223;612934;4;10,66;12,69;1,4299999999999997;2,0000000000000004;13;15;9,67;9,569999999999999;1,0800000000000005;0,8800000000000003;8,0;8,0
NLE0223;734879;1;10,66;12,69;1,4299999999999997;2,0000000000000004;10;15;9,67;9,569999999999999;1,0800000000000005;0,8800000000000003;8,0;17,0
NLE0223;734879;2;10,66;12,69;1,4299999999999997;2,0000000000000004;13;13;9,67;9,569999999999999;1,0800000000000005;0,8800000000000003;17,0;17,0
NLE0223;734879;3;10,66;12,69;1,4299999999999997;2,0000000000000004;13;21;9,67;9,569999999999999;1,0800000000000005;0,8800000000000003;21,0;9,0
NLE0223;734879;4;10,66;12,69;1,4299999999999997;2,0000000000000004;12;10;9,67;9,569999999999999;1,0800000000000005;0,8800000000000003;17,0;17,0
NLE0319;612934;1;9,940000000000001;11,95;1,8300000000000005;2,1799999999999997;17;8;9,31;10,620000000000001;1,67;2,7199999999999998;8,0;8,0
NLE0319;612934;2;9,940000000000001;11,95;1,8300000000000005;2,1799999999999997;7;12;9,31;10,620000000000001;1,67;2,7199999999999998;8,0;8,0
NLE0319;612934;3;9,940000000000001;11,95;1,8300000000000005;2,1799999999999997;6;17;9,31;10,620000000000001;1,67;2,7199999999999998;17,0;17,0
NLE0319;612934;4;9,940000000000001;11,95;1,8300000000000005;2,1799999999999997;16;15;9,31;10,620000000000001;1,67;2,7199999999999998;8,0;8,0
NLE0319;734879;1;9,940000000000001;11,95;1,8300000000000005;2,1799999999999997;9;14;9,31;10,620000000000001;1,67;2,7199999999999998;8,0;8,0
NLE0319;734879;2;9,940000000000001;11,95;1,8300000000000005;2,1799999999999997;15;13;9,31;10,620000000000001;1,67;2,7199999999999998;13,0;8,0
NLE0319;734879;3;9,940000000000001;11,95;1,8300000000000005;2,1799999999999997;15;14;9,31;10,620000000000001;1,67;2,7199999999999998;17,0;9,0
NLE0319;734879;4;9,940000000000001;11,95;1,8300000000000005;2,1799999999999997;11;5;9,31;10,620000000000001;1,67;2,7199999999999998;17,0;8,0
NLE0345;612934;1;4,33;3,9400000000000013;1,5899999999999999;0,8799999999999999;7;3;5,16;9,09;2,1599999999999997;0,8599999999999999;8,0;17,0
NLE0345;612934;2;4,33;3,9400000000000013;1,5899999999999999;0,8799999999999999;7;5;5,16;9,09;2,1599999999999997;0,8599999999999999;8,0;8,0
NLE0345;612934;3;4,33;3,9400000000000013;1,5899999999999999;0,8799999999999999;4;4;5,16;9,09;2,1599999999999997;0,8599999999999999;8,0;8,0
NLE0345;612934;4;4,33;3,9400000000000013;1,5899999999999999;0,8799999999999999;6;4;5,16;9,09;2,1599999999999997;0,8599999999999999;8,0;8,0
NLE0345;734879;1;4,33;3,9400000000000013;1,5899999999999999;0,8799999999999999;4;5;5,16;9,09;2,1599999999999997;0,8599999999999999;8,0;8,0
NLE0345;734879;2;4,33;3,9400000000000013;1,5899999999999999;0,8799999999999999;8;6;5,16;9,09;2,1599999999999997;0,8599999999999999;0,0;8,0
NLE0345;734879;3;4,33;3,9400000000000013;1,5899999999999999;0,8799999999999999;2;5;5,16;9,09;2,1599999999999997;0,8599999999999999;8,0;8,0
NLE0345;734879;4;4,33;3,9400000000000013;1,5899999999999999;0,8799999999999999;16;8;5,16;9,09;2,1599999999999997;0,8599999999999999;8,0;8,0
NLE0549;612934;1;5,699999999999999;3,879999999999999;1,6600000000000001;2,9699999999999998;3;3;5,65;9,1;1,38;1,5499999999999998;8,0;8,0
NLE0549;612934;2;5,699999999999999;3,879999999999999;1,6600000000000001;2,9699999999999998;7;8;5,65;9,1;1,38;1,5499999999999998;8,0;8,0
NLE0549;612934;3;5,699999999999999;3,879999999999999;1,6600000000000001;2,9699999999999998;11;15;5,65;9,1;1,38;1,5499999999999998;17,0;8,0
NLE0549;612934;4;5,699999999999999;3,879999999999999;1,6600000000000001;2,9699999999999998;7;7;5,65;9,1;1,38;1,5499999999999998;8,0;8,0
NLE0549;734879;1;5,699999999999999;3,879999999999999;1,6600000000000001;2,9699999999999998;5;7;5,65;9,1;1,38;1,5499999999999998;8,0;8,0
NLE0549;734879;2;5,699999999999999;3,879999999999999;1,6600000000000001;2,9699999999999998;9;11;5,65;9,1;1,38;1,5499999999999998;0,0;8,0
NLE0549;734879;3;5,699999999999999;3,879999999999999;1,6600000000000001;2,9699999999999998;7;3;5,65;9,1;1,38;1,5499999999999998;0,0;8,0
NLE0549;734879;4;5,699999999999999;3,879999999999999;1,6600000000000001;2,9699999999999998;35;41;5,65;9,1;1,38;1,5499999999999998;8,0;8,0
NLE0613;612934;1;9,219999999999999;9,15;2,6;1,8000000000000003;10;13;5,83;6,5;1,5000000000000004;2,9199999999999995;8,0;8,0
NLE0613;612934;2;9,219999999999999;9,15;2,6;1,8000000000000003;11;9;5,83;6,5;1,5000000000000004;2,9199999999999995;8,0;8,0
NLE0613;612934;3;9,219999999999999;9,15;2,6;1,8000000000000003;10;9;5,83;6,5;1,5000000000000004;2,9199999999999995;8,0;8,0
NLE0613;612934;4;9,219999999999999;9,15;2,6;1,8000000000000003;24;21;5,83;6,5;1,5000000000000004;2,9199999999999995;8,0;0,0
NLE0613;734879;1;9,219999999999999;9,15;2,6;1,8000000000000003;17;13;5,83;6,5;1,5000000000000004;2,9199999999999995;8,0;21,0
NLE0613;734879;2;9,219999999999999;9,15;2,6;1,8000000000000003;11;10;5,83;6,5;1,5000000000000004;2,9199999999999995;8,0;8,0
NLE0613;734879;3;9,219999999999999;9,15;2,6;1,8000000000000003;11;11;5,83;6,5;1,5000000000000004;2,9199999999999995;17,0;8,0
NLE0613;734879;4;9,219999999999999;9,15;2,6;1,8000000000000003;13;12;5,83;6,5;1,5000000000000004;2,9199999999999995;8,0;0,0
NLE0641;612934;1;7,82;5,799999999999999;2,4000000000000004;1,3100000000000005;7;4;7,43;9,31;0,6800000000000002;2,0700000000000003;8,0;8,0
NLE0641;612934;2;7,82;5,799999999999999;2,4000000000000004;1,3100000000000005;6;6;7,43;9,31;0,6800000000000002;2,0700000000000003;8,0;8,0
NLE0641;612934;3;7,82;5,799999999999999;2,4000000000000004;1,3100000000000005;8;8;7,43;9,31;0,6800000000000002;2,0700000000000003;9,0;17,0
NLE0641;612934;4;7,82;5,799999999999999;2,4000000000000004;1,3100000000000005;12;4;7,43;9,31;0,6800000000000002;2,0700000000000003;8,0;8,0
NLE0641;734879;1;7,82;5,799999999999999;2,4000000000000004;1,3100000000000005;11;10;7,43;9,31;0,6800000000000002;2,0700000000000003;8,0;8,0
NLE0641;734879;2;7,82;5,799999999999999;2,4000000000000004;1,3100000000000005;8;8;7,43;9,31;0,6800000000000002;2,0700000000000003;17,0;8,0
NLE0641;734879;3;7,82;5,799999999999999;2,4000000000000004;1,3100000000000005;7;3;7,43;9,31;0,6800000000000002;2,0700000000000003;0,0;13,0
NLE0641;734879;4;7,82;5,799999999999999;2,4000000000000004;1,3100000000000005;14;6;7,43;9,31;0,6800000000000002;2,0700000000000003;17,0;17,0
NLE0657;612934;1;10,66;11,469999999999999;2,32;1,8000000000000003;9;11;7,84;9,76;1,38;3,48;8,0;8,0
NLE0657;612934;2;10,66;11,469999999999999;2,32;1,8000000000000003;17;8;7,84;9,76;1,38;3,48;8,0;8,0
NLE0657;612934;3;10,66;11,469999999999999;2,32;1,8000000000000003;8;14;7,84;9,76;1,38;3,48;9,0;8,0
NLE0657;612934;4;10,66;11,469999999999999;2,32;1,8000000000000003;16;14;7,84;9,76;1,38;3,48;8,0;8,0
NLE0657;734879;1;10,66;11,469999999999999;2,32;1,8000000000000003;12;15;7,84;9,76;1,38;3,48;8,0;8,0
NLE0657;734879;2;10,66;11,469999999999999;2,32;1,8000000000000003;11;13;7,84;9,76;1,38;3,48;9,0;8,0
NLE0657;734879;3;10,66;11,469999999999999;2,32;1,8000000000000003;7;13;7,84;9,76;1,38;3,48;9,0;17,0
NLE0657;734879;4;10,66;11,469999999999999;2,32;1,8000000000000003;15;13;7,84;9,76;1,38;3,48;8,0;8,0
NOE8133;612934;1;10,33;11,319999999999999;2,1700000000000004;3,2399999999999998;16;17;0,0;0,0;0,0;0,0;0,0;0,0
NOE8133;612934;2;10,33;11,319999999999999;2,1700000000000004;3,2399999999999998;3;6;0,0;0,0;0,0;0,0;0,0;0,0
NOE8133;612934;3;10,33;11,319999999999999;2,1700000000000004;3,2399999999999998;16;13;0,0;0,0;0,0;0,0;0,0;0,0
NOE8133;612934;4;10,33;11,319999999999999;2,1700000000000004;3,2399999999999998;10;18;0,0;0,0;0,0;0,0;0,0;0,0
NOE8133;734879;1;10,33;11,319999999999999;2,1700000000000004;3,2399999999999998;19;6;0,0;0,0;0,0;0,0;0,0;0,0
NOE8133;734879;2;10,33;11,319999999999999;2,1700000000000004;3,2399999999999998;11;15;0,0;0,0;0,0;0,0;0,0;0,0
NOE8133;734879;3;10,33;11,319999999999999;2,1700000000000004;3,2399999999999998;12;12;0,0;0,0;0,0;0,0;0,0;0,0
NOE8133;734879;4;10,33;11,319999999999999;2,1700000000000004;3,2399999999999998;19;15;0,0;0,0;0,0;0,0;0,0;0,0
NSF0103;612934;1;5,109999999999999;4,870000000000001;1,3099999999999996;1,0199999999999996;16;12;1,5899999999999994;2,07;6,890000000000001;7,1499999999999995;0,0;0,0
NSF0103;612934;2;5,109999999999999;4,870000000000001;1,3099999999999996;1,0199999999999996;11;12;1,5899999999999994;2,07;6,890000000000001;7,1499999999999995;0,0;0,0
NSF0103;612934;3;5,109999999999999;4,870000000000001;1,3099999999999996;1,0199999999999996;9;9;1,5899999999999994;2,07;6,890000000000001;7,1499999999999995;0,0;8,0
NSF0103;612934;4;5,109999999999999;4,870000000000001;1,3099999999999996;1,0199999999999996;5;7;1,5899999999999994;2,07;6,890000000000001;7,1499999999999995;8,0;0,0
NSF0103;734879;1;5,109999999999999;4,870000000000001;1,3099999999999996;1,0199999999999996;6;4;1,5899999999999994;2,07;6,890000000000001;7,1499999999999995;8,0;0,0
NSF0103;734879;2;5,109999999999999;4,870000000000001;1,3099999999999996;1,0199999999999996;5;4;1,5899999999999994;2,07;6,890000000000001;7,1499999999999995;0,0;8,0
NSF0103;734879;3;5,109999999999999;4,870000000000001;1,3099999999999996;1,0199999999999996;9;6;1,5899999999999994;2,07;6,890000000000001;7,1499999999999995;8,0;0,0
NSF0103;734879;4;5,109999999999999;4,870000000000001;1,3099999999999996;1,0199999999999996;7;10;1,5899999999999994;2,07;6,890000000000001;7,1499999999999995;17,0;8,0
NSF0117;612934;1;7,520000000000001;6,050000000000001;2,1499999999999995;2,1900000000000004;10;17;5,99;10,209999999999999;5,25;5,539999999999999;8,0;8,0
NSF0117;612934;2;7,520000000000001;6,050000000000001;2,1499999999999995;2,1900000000000004;13;10;5,99;10,209999999999999;5,25;5,539999999999999;8,0;8,0
NSF0117;612934;3;7,520000000000001;6,050000000000001;2,1499999999999995;2,1900000000000004;8;6;5,99;10,209999999999999;5,25;5,539999999999999;9,0;17,0
NSF0117;612934;4;7,520000000000001;6,050000000000001;2,1499999999999995;2,1900000000000004;9;6;5,99;10,209999999999999;5,25;5,539999999999999;0,0;8,0
NSF0117;734879;1;7,520000000000001;6,050000000000001;2,1499999999999995;2,1900000000000004;10;6;5,99;10,209999999999999;5,25;5,539999999999999;8,0;17,0
NSF0117;734879;2;7,520000000000001;6,050000000000001;2,1499999999999995;2,1900000000000004;15;7;5,99;10,209999999999999;5,25;5,539999999999999;0,0;21,0
NSF0117;734879;3;7,520000000000001;6,050000000000001;2,1499999999999995;2,1900000000000004;17;19;5,99;10,209999999999999;5,25;5,539999999999999;9,0;9,0
NSF0117;734879;4;7,520000000000001;6,050000000000001;2,1499999999999995;2,1900000000000004;10;12;5,99;10,209999999999999;5,25;5,539999999999999;8,0;8,0
NSF0509;612934;1;4,799999999999999;3,209999999999999;1,6699999999999995;1,3500000000000005;5;3;6,83;9,540000000000001;0,5800000000000001;1,6499999999999995;8,0;8,0
NSF0509;612934;2;4,799999999999999;3,209999999999999;1,6699999999999995;1,3500000000000005;8;5;6,83;9,540000000000001;0,5800000000000001;1,6499999999999995;0,0;17,0
NSF0509;612934;3;4,799999999999999;3,209999999999999;1,6699999999999995;1,3500000000000005;4;5;6,83;9,540000000000001;0,5800000000000001;1,6499999999999995;8,0;8,0
NSF0509;612934;4;4,799999999999999;3,209999999999999;1,6699999999999995;1,3500000000000005;16;8;6,83;9,540000000000001;0,5800000000000001;1,6499999999999995;8,0;8,0
NSF0509;734879;1;4,799999999999999;3,209999999999999;1,6699999999999995;1,3500000000000005;5;6;6,83;9,540000000000001;0,5800000000000001;1,6499999999999995;9,0;21,0
NSF0509;734879;2;4,799999999999999;3,209999999999999;1,6699999999999995;1,3500000000000005;6;7;6,83;9,540000000000001;0,5800000000000001;1,6499999999999995;9,0;8,0
NSF0509;734879;3;4,799999999999999;3,209999999999999;1,6699999999999995;1,3500000000000005;8;8;6,83;9,540000000000001;0,5800000000000001;1,6499999999999995;0,0;21,0
NSF0509;734879;4;4,799999999999999;3,209999999999999;1,6699999999999995;1,3500000000000005;9;10;6,83;9,540000000000001;0,5800000000000001;1,6499999999999995;8,0;8,0
NSF0607;612934;1;2,9400000000000013;2,9800000000000004;1,2800000000000002;1,08;5;6;0,0;0,0;0,0;0,0;0,0;0,0
NSF0607;612934;2;2,9400000000000013;2,9800000000000004;1,2800000000000002;1,08;2;1;0,0;0,0;0,0;0,0;0,0;0,0
NSF0607;612934;3;2,9400000000000013;2,9800000000000004;1,2800000000000002;1,08;3;3;0,0;0,0;0,0;0,0;0,0;0,0
NSF0607;612934;4;2,9400000000000013;2,9800000000000004;1,2800000000000002;1,08;3;3;0,0;0,0;0,0;0,0;0,0;0,0
NSF0607;734879;1;2,9400000000000013;2,9800000000000004;1,2800000000000002;1,08;4;5;0,0;0,0;0,0;0,0;0,0;0,0
NSF0607;734879;2;2,9400000000000013;2,9800000000000004;1,2800000000000002;1,08;5;4;0,0;0,0;0,0;0,0;0,0;0,0
NSF0607;734879;3;2,9400000000000013;2,9800000000000004;1,2800000000000002;1,08;3;1;0,0;0,0;0,0;0,0;0,0;0,0
NSF0607;734879;4;2,9400000000000013;2,9800000000000004;1,2800000000000002;1,08;6;4;0,0;0,0;0,0;0,0;0,0;0,0
